request_id,amount_safe_to_pay,affordability_status,recommended_payment_method,payment_plan,earliest_date_for_full_payment,spending_changes_needed,decision_explanation
request_26,15656000,affordable_now,full_payment,2025-08-03:15656000,2025-08-03,none,full_payment selected. Selected full_payment because it is the only verified valid plan. Safe to pay now: 15656000 IDR; required buffer: 24768300 IDR; minimum projected balance before purchase: 90458913.52 IDR; uncertainty records tracked: 0.
request_27,6670,affordable_now,full_payment,2026-07-05:6670,2026-07-05,none,full_payment selected. Selected full_payment because it is the only verified valid plan. Safe to pay now: 6670 ZAR; required buffer: 20500 ZAR; minimum projected balance before purchase: 90378.81 ZAR; uncertainty records tracked: 0.
request_28,78.48,not_affordable,not_recommended,none,,none,not_recommended selected. Selected not_recommended because it is the only verified valid plan. Safe to pay now: 78.48 EUR; required buffer: 1100 EUR; minimum projected balance before purchase: 1178.48 EUR; uncertainty records tracked: 0.
request_29,51524,affordable_now,full_payment,2025-11-04:51524,2025-11-04,none,full_payment selected. Selected full_payment because it is the only verified valid plan. Safe to pay now: 51524 ZAR; required buffer: 28300 ZAR; minimum projected balance before purchase: 98506.36 ZAR; uncertainty records tracked: 0.
request_30,775.2,affordable_with_plan,installments,2026-04-06:268.74|2026-05-06:268.74|2026-06-05:268.74,2026-04-06,none,installments selected. Selected installments because it is the only verified valid plan. Safe to pay now: 775.2 USD; required buffer: 900 USD; minimum projected balance before purchase: 3662.83 USD; uncertainty records tracked: 0.
request_31,242656.11,affordable_later,wait,2024-11-14:18164000,2024-11-14,none,wait selected. Selected wait because it is the only verified valid plan. Safe to pay now: 242656.11 IDR; required buffer: 16588900 IDR; minimum projected balance before purchase: 16831556.11 IDR; uncertainty records tracked: 0.
request_32,8057.15,not_affordable,not_recommended,none,,none,not_recommended selected. Selected not_recommended because it is the only verified valid plan. Safe to pay now: 8057.15 ZAR; required buffer: 35700 ZAR; minimum projected balance before purchase: 43757.15 ZAR; uncertainty records tracked: 0.
request_33,0,not_affordable,not_recommended,none,,none,not_recommended selected. Selected not_recommended because it is the only verified valid plan. Safe to pay now: 0 INR; required buffer: 102100 INR; minimum projected balance before purchase: 78193.44 INR; uncertainty records tracked: 0.
request_34,129400,affordable_now,full_payment,2024-12-04:129400,2024-12-04,none,full_payment selected. Selected full_payment because it is the only verified valid plan. Safe to pay now: 129400 INR; required buffer: 138500 INR; minimum projected balance before purchase: 559752.5 INR; uncertainty records tracked: 0.
request_35,24106.08,not_affordable,not_recommended,none,,none,not_recommended selected. Selected not_recommended because it is the only verified valid plan. Safe to pay now: 24106.08 INR; required buffer: 106400 INR; minimum projected balance before purchase: 130506.08 INR; uncertainty records tracked: 1.
request_36,728.82,not_affordable,not_recommended,none,,none,not_recommended selected. Selected not_recommended because it is the only verified valid plan. Safe to pay now: 728.82 USD; required buffer: 2400 USD; minimum projected balance before purchase: 3128.82 USD; uncertainty records tracked: 0.
request_37,0,not_affordable,not_recommended,none,,none,not_recommended selected. Selected not_recommended because it is the only verified valid plan. Safe to pay now: 0 IDR; required buffer: 17056200 IDR; minimum projected balance before purchase: 12084456.97 IDR; uncertainty records tracked: 0.
request_38,167.81,affordable_later,wait,2025-10-14:971.3,2025-10-14,none,wait selected. Selected wait because it is the only verified valid plan. Safe to pay now: 167.81 EUR; required buffer: 400 EUR; minimum projected balance before purchase: 567.81 EUR; uncertainty records tracked: 0.
request_39,121666.04,affordable_later,wait,2026-04-15:208600,2026-04-15,none,wait selected. Selected wait because it is the only verified valid plan. Safe to pay now: 121666.04 INR; required buffer: 213400 INR; minimum projected balance before purchase: 335066.04 INR; uncertainty records tracked: 0.
request_40,0,not_affordable,not_recommended,none,,none,not_recommended selected. Selected not_recommended because it is the only verified valid plan. Safe to pay now: 0 EUR; required buffer: 1500 EUR; minimum projected balance before purchase: 1324.23 EUR; uncertainty records tracked: 0.
request_41,9371999.97,affordable_later,wait,2025-11-15:38760000,2025-11-15,none,wait selected. Selected wait because it is the only verified valid plan. Safe to pay now: 9371999.97 IDR; required buffer: 25366600 IDR; minimum projected balance before purchase: 34738599.97 IDR; uncertainty records tracked: 0.
request_42,52100,affordable_now,full_payment,2026-01-05:52100,2026-01-05,none,full_payment selected. Selected full_payment because it is the only verified valid plan. Safe to pay now: 52100 INR; required buffer: 113100 INR; minimum projected balance before purchase: 220500.22 INR; uncertainty records tracked: 0.
request_43,7548383.35,affordable_later,wait,2024-11-13:43339000,2024-11-13,none,wait selected. Selected wait because it is the only verified valid plan. Safe to pay now: 7548383.35 IDR; required buffer: 21398000 IDR; minimum projected balance before purchase: 28946383.35 IDR; uncertainty records tracked: 0.
request_44,0,not_affordable,not_recommended,none,,none,not_recommended selected. Selected not_recommended because it is the only verified valid plan. Safe to pay now: 0 INR; required buffer: 82900 INR; minimum projected balance before purchase: 62478.88 INR; uncertainty records tracked: 0.
request_45,2523326.13,not_affordable,not_recommended,none,,none,not_recommended selected. Selected not_recommended because it is the only verified valid plan. Safe to pay now: 2523326.13 IDR; required buffer: 11149800 IDR; minimum projected balance before purchase: 13673126.13 IDR; uncertainty records tracked: 0.
request_46,28755.39,affordable_with_plan,partial_payment,2024-12-03:28755.39|2024-12-16:20694.61,2024-12-16,none,partial_payment selected. Selected partial_payment over installments by total cost: 49450.00 ranked ahead of 51428. Safe to pay now: 28755.39 INR; required buffer: 84000 INR; minimum projected balance before purchase: 112755.39 INR; uncertainty records tracked: 0.
request_47,38114000,affordable_now,full_payment,2025-05-05:38114000,2025-05-05,none,full_payment selected. Selected full_payment because it is the only verified valid plan. Safe to pay now: 38114000 IDR; required buffer: 30049000 IDR; minimum projected balance before purchase: 94764562.15 IDR; uncertainty records tracked: 0.
request_48,22152.51,affordable_later,wait,2026-10-14:45700,2026-10-14,none,wait selected. Selected wait because it is the only verified valid plan. Safe to pay now: 22152.51 INR; required buffer: 71300 INR; minimum projected balance before purchase: 93452.51 INR; uncertainty records tracked: 0.
request_49,0,not_affordable,not_recommended,none,,none,not_recommended selected. Selected not_recommended because it is the only verified valid plan. Safe to pay now: 0 IDR; required buffer: 20275700 IDR; minimum projected balance before purchase: 19442149.17 IDR; uncertainty records tracked: 0.
request_50,43900,affordable_now,full_payment,2025-08-06:43900,2025-08-06,none,full_payment selected. Selected full_payment because it is the only verified valid plan. Safe to pay now: 43900 INR; required buffer: 99700 INR; minimum projected balance before purchase: 201779.3 INR; uncertainty records tracked: 0.
request_51,2191000,affordable_now,full_payment,2026-01-03:2191000,2026-01-03,none,full_payment selected. Selected full_payment because it is the only verified valid plan. Safe to pay now: 2191000 IDR; required buffer: 7811000 IDR; minimum projected balance before purchase: 29485587.3 IDR; uncertainty records tracked: 0.
request_52,23176.01,affordable_later,wait,2024-06-15:28870,2024-06-15,none,wait selected. Selected wait because it is the only verified valid plan. Safe to pay now: 23176.01 INR; required buffer: 41500 INR; minimum projected balance before purchase: 64676.01 INR; uncertainty records tracked: 0.
request_53,408.87,not_affordable,not_recommended,none,,none,not_recommended selected. Selected not_recommended because it is the only verified valid plan. Safe to pay now: 408.87 USD; required buffer: 2100 USD; minimum projected balance before purchase: 2508.87 USD; uncertainty records tracked: 1.
request_54,3330.9,not_affordable,not_recommended,none,,none,not_recommended selected. Selected not_recommended because it is the only verified valid plan. Safe to pay now: 3330.9 ZAR; required buffer: 37000 ZAR; minimum projected balance before purchase: 40330.9 ZAR; uncertainty records tracked: 0.
request_55,129816.56,not_affordable,not_recommended,none,,none,not_recommended selected. Selected not_recommended because it is the only verified valid plan. Safe to pay now: 129816.56 INR; required buffer: 124300 INR; minimum projected balance before purchase: 254116.56 INR; uncertainty records tracked: 0.
request_56,395.4,affordable_with_plan,partial_payment,2025-02-03:395.4|2025-02-15:486.16,2025-02-15,none,partial_payment selected. Selected partial_payment over installments by deadline completion: 0 ranked ahead of 1. Safe to pay now: 395.4 USD; required buffer: 2100 USD; minimum projected balance before purchase: 2495.4 USD; uncertainty records tracked: 0.
request_57,6738.39,not_affordable,not_recommended,none,,none,not_recommended selected. Selected not_recommended because it is the only verified valid plan. Safe to pay now: 6738.39 ZAR; required buffer: 42700 ZAR; minimum projected balance before purchase: 49438.39 ZAR; uncertainty records tracked: 0.
request_58,16226000,affordable_now,full_payment,2024-12-07:16226000,2024-12-07,none,full_payment selected. Selected full_payment because it is the only verified valid plan. Safe to pay now: 16226000 IDR; required buffer: 14433900 IDR; minimum projected balance before purchase: 37415569.52 IDR; uncertainty records tracked: 0.
request_59,140600,affordable_with_plan,installments,2025-05-07:48741.33|2025-06-04:48741.33|2025-07-02:48741.33,2025-05-04,none,installments selected. Selected installments because it is the only verified valid plan. Safe to pay now: 140600 INR; required buffer: 132600 INR; minimum projected balance before purchase: 638612.77 INR; uncertainty records tracked: 0.
request_60,0,not_affordable,not_recommended,none,,none,not_recommended selected. Selected not_recommended because it is the only verified valid plan. Safe to pay now: 0 USD; required buffer: 400 USD; minimum projected balance before purchase: -249 USD; uncertainty records tracked: 0.
request_61,29062,affordable_with_plan,installments,2024-03-17:10074.83|2024-04-17:10074.83|2024-05-18:10074.83,2024-03-03,none,installments selected. Selected installments because it is the only verified valid plan. Safe to pay now: 29062 ZAR; required buffer: 36700 ZAR; minimum projected balance before purchase: 129818.53 ZAR; uncertainty records tracked: 0.
request_62,404.23,affordable_now,full_payment,2025-08-05:404.23,2025-08-05,none,full_payment selected. Selected full_payment because it is the only verified valid plan. Safe to pay now: 404.23 USD; required buffer: 1300 USD; minimum projected balance before purchase: 4862.32 USD; uncertainty records tracked: 0.
request_63,37208.06,not_affordable,not_recommended,none,,none,not_recommended selected. Selected not_recommended because it is the only verified valid plan. Safe to pay now: 37208.06 INR; required buffer: 153500 INR; minimum projected balance before purchase: 190708.06 INR; uncertainty records tracked: 0.
request_64,0,not_affordable,not_recommended,none,,none,not_recommended selected. Selected not_recommended because it is the only verified valid plan. Safe to pay now: 0 INR; required buffer: 36100 INR; minimum projected balance before purchase: -11710.23 INR; uncertainty records tracked: 0.
request_65,7543.14,not_affordable,not_recommended,none,,none,not_recommended selected. Selected not_recommended because it is the only verified valid plan. Safe to pay now: 7543.14 ZAR; required buffer: 15500 ZAR; minimum projected balance before purchase: 23043.14 ZAR; uncertainty records tracked: 0.
request_66,22200,affordable_now,full_payment,2026-04-03:22200,2026-04-03,none,full_payment selected. Selected full_payment because it is the only verified valid plan. Safe to pay now: 22200 INR; required buffer: 80700 INR; minimum projected balance before purchase: 292316.26 INR; uncertainty records tracked: 0.
request_67,338.65,affordable_later,wait,2024-09-15:2094,2024-09-15,none,wait selected. Selected wait because it is the only verified valid plan. Safe to pay now: 338.65 USD; required buffer: 1200 USD; minimum projected balance before purchase: 1538.65 USD; uncertainty records tracked: 0.
request_68,977.43,not_affordable,not_recommended,none,,none,not_recommended selected. Selected not_recommended because it is the only verified valid plan. Safe to pay now: 977.43 USD; required buffer: 1500 USD; minimum projected balance before purchase: 2477.43 USD; uncertainty records tracked: 0.
request_69,307.68,affordable_later,wait,2026-03-16:529.1,2026-03-16,none,wait selected. Selected wait because it is the only verified valid plan. Safe to pay now: 307.68 EUR; required buffer: 700 EUR; minimum projected balance before purchase: 1007.68 EUR; uncertainty records tracked: 0.
request_70,42586.72,not_affordable,not_recommended,none,,none,not_recommended selected. Selected not_recommended because it is the only verified valid plan. Safe to pay now: 42586.72 INR; required buffer: 115000 INR; minimum projected balance before purchase: 157586.72 INR; uncertainty records tracked: 0.
request_71,0,not_affordable,not_recommended,none,,none,not_recommended selected. Selected not_recommended because it is the only verified valid plan. Safe to pay now: 0 IDR; required buffer: 8884800 IDR; minimum projected balance before purchase: 5515566.62 IDR; uncertainty records tracked: 0.
request_72,5651.57,affordable_later,wait,2026-09-14:11330,2026-09-14,none,wait selected. Selected wait because it is the only verified valid plan. Safe to pay now: 5651.57 ZAR; required buffer: 12200 ZAR; minimum projected balance before purchase: 17851.57 ZAR; uncertainty records tracked: 0.
request_73,47347.32,affordable_later,wait,2023-04-16:71400,2023-04-16,none,wait selected. Selected wait because it is the only verified valid plan. Safe to pay now: 47347.32 INR; required buffer: 103200 INR; minimum projected balance before purchase: 150547.32 INR; uncertainty records tracked: 0.
request_74,5010,affordable_now,full_payment,2025-08-04:5010,2025-08-04,none,full_payment selected. Selected full_payment because it is the only verified valid plan. Safe to pay now: 5010 ZAR; required buffer: 21900 ZAR; minimum projected balance before purchase: 67876.64 ZAR; uncertainty records tracked: 0.
request_75,28270,affordable_with_plan,installments,2026-04-09:9800.27|2026-05-09:9800.27|2026-06-08:9800.27,2026-04-06,none,installments selected. Selected installments because it is the only verified valid plan. Safe to pay now: 28270 ZAR; required buffer: 39000 ZAR; minimum projected balance before purchase: 137678.74 ZAR; uncertainty records tracked: 0.
request_76,900.43,not_affordable,not_recommended,none,2024-07-15,none,not_recommended selected. Selected not_recommended because it is the only verified valid plan. Safe to pay now: 900.43 USD; required buffer: 1800 USD; minimum projected balance before purchase: 2700.43 USD; uncertainty records tracked: 0.
request_77,60347.08,affordable_later,wait,2025-11-15:60700,2025-11-15,none,wait selected. Selected wait because it is the only verified valid plan. Safe to pay now: 60347.08 INR; required buffer: 82200 INR; minimum projected balance before purchase: 142547.08 INR; uncertainty records tracked: 1.
request_78,24477.61,affordable_later,wait,2025-12-15:50200,2025-12-15,none,wait selected. Selected wait because it is the only verified valid plan. Safe to pay now: 24477.61 INR; required buffer: 55200 INR; minimum projected balance before purchase: 79677.61 INR; uncertainty records tracked: 0.
request_79,642.52,not_affordable,not_recommended,none,,none,not_recommended selected. Selected not_recommended because it is the only verified valid plan. Safe to pay now: 642.52 EUR; required buffer: 1000 EUR; minimum projected balance before purchase: 1642.52 EUR; uncertainty records tracked: 0.
request_80,117898.78,not_affordable,not_recommended,none,2025-03-17,none,not_recommended selected. Selected not_recommended because it is the only verified valid plan. Safe to pay now: 117898.78 INR; required buffer: 121300 INR; minimum projected balance before purchase: 239198.78 INR; uncertainty records tracked: 0.
request_81,1400.57,not_affordable,not_recommended,none,,none,not_recommended selected. Selected not_recommended because it is the only verified valid plan. Safe to pay now: 1400.57 USD; required buffer: 1600 USD; minimum projected balance before purchase: 3000.57 USD; uncertainty records tracked: 0.
request_82,43.81,not_affordable,not_recommended,none,,none,not_recommended selected. Selected not_recommended because it is the only verified valid plan. Safe to pay now: 43.81 USD; required buffer: 1100 USD; minimum projected balance before purchase: 1143.81 USD; uncertainty records tracked: 0.
request_83,2734.02,not_affordable,not_recommended,none,,none,not_recommended selected. Selected not_recommended because it is the only verified valid plan. Safe to pay now: 2734.02 INR; required buffer: 37800 INR; minimum projected balance before purchase: 40534.02 INR; uncertainty records tracked: 0.
request_84,5669.1,not_affordable,not_recommended,none,,none,not_recommended selected. Selected not_recommended because it is the only verified valid plan. Safe to pay now: 5669.1 INR; required buffer: 91300 INR; minimum projected balance before purchase: 96969.1 INR; uncertainty records tracked: 0.
request_85,0,not_affordable,not_recommended,none,,none,not_recommended selected. Selected not_recommended because it is the only verified valid plan. Safe to pay now: 0 IDR; required buffer: 6396300 IDR; minimum projected balance before purchase: 5999501.59 IDR; uncertainty records tracked: 0.
request_86,46300,affordable_now,full_payment,2025-08-03:46300,2025-08-03,none,full_payment selected. Selected full_payment because it is the only verified valid plan. Safe to pay now: 46300 INR; required buffer: 84900 INR; minimum projected balance before purchase: 154306.6 INR; uncertainty records tracked: 0.
request_87,0,not_affordable,not_recommended,none,,none,not_recommended selected. Selected not_recommended because it is the only verified valid plan. Safe to pay now: 0 INR; required buffer: 185900 INR; minimum projected balance before purchase: 181267.91 INR; uncertainty records tracked: 0.
request_88,9731.73,affordable_with_plan,installments,2024-06-14:9045.23|2024-07-15:9045.23|2024-08-15:9045.23,2024-07-15,none,installments selected. Selected installments because it is the only verified valid plan. Safe to pay now: 9731.73 ZAR; required buffer: 25800 ZAR; minimum projected balance before purchase: 35531.73 ZAR; uncertainty records tracked: 0.
request_89,8885207.86,affordable_with_plan,installments,2025-11-18:4768746.67|2025-12-16:4768746.67|2026-01-13:4768746.67,2025-11-15,none,installments selected. Selected installments because it is the only verified valid plan. Safe to pay now: 8885207.86 IDR; required buffer: 12534700 IDR; minimum projected balance before purchase: 21419907.86 IDR; uncertainty records tracked: 0.
request_90,2560,affordable_now,full_payment,2026-07-06:2560,2026-07-06,none,full_payment selected. Selected full_payment because it is the only verified valid plan. Safe to pay now: 2560 ZAR; required buffer: 7600 ZAR; minimum projected balance before purchase: 31629.5 ZAR; uncertainty records tracked: 0.
request_91,0,not_affordable,not_recommended,none,,none,not_recommended selected. Selected not_recommended because it is the only verified valid plan. Safe to pay now: 0 EUR; required buffer: 2100 EUR; minimum projected balance before purchase: 1646.64 EUR; uncertainty records tracked: 0.
request_92,34034,affordable_now,full_payment,2025-02-05:34034,2025-02-05,none,full_payment selected. Selected full_payment because it is the only verified valid plan. Safe to pay now: 34034 ZAR; required buffer: 28100 ZAR; minimum projected balance before purchase: 64333.09 ZAR; uncertainty records tracked: 0.
request_93,1692.53,affordable_later,wait,2026-04-15:1729.2,2026-04-15,none,wait selected. Selected wait because it is the only verified valid plan. Safe to pay now: 1692.53 USD; required buffer: 1900 USD; minimum projected balance before purchase: 3592.53 USD; uncertainty records tracked: 0.
request_94,572,affordable_now,full_payment,2024-12-04:572,2024-12-04,none,full_payment selected. Selected full_payment because it is the only verified valid plan. Safe to pay now: 572 EUR; required buffer: 600 EUR; minimum projected balance before purchase: 2663.6 EUR; uncertainty records tracked: 0.
request_95,7426.64,not_affordable,not_recommended,none,,none,not_recommended selected. Selected not_recommended because it is the only verified valid plan. Safe to pay now: 7426.64 INR; required buffer: 145500 INR; minimum projected balance before purchase: 152926.64 INR; uncertainty records tracked: 0.
request_96,65597.76,affordable_with_plan,installments,2026-01-10:31269.33|2026-02-09:31269.33|2026-03-11:31269.33,2026-01-15,none,installments selected. Selected installments because it is the only verified valid plan. Safe to pay now: 65597.76 INR; required buffer: 56500 INR; minimum projected balance before purchase: 122097.76 INR; uncertainty records tracked: 0.
request_97,0,not_affordable,not_recommended,none,2024-03-16,none,not_recommended selected. Selected not_recommended because it is the only verified valid plan. Safe to pay now: 0 ZAR; required buffer: 29700 ZAR; minimum projected balance before purchase: 29220.26 ZAR; uncertainty records tracked: 0.
request_98,3801.16,not_affordable,not_recommended,none,,none,not_recommended selected. Selected not_recommended because it is the only verified valid plan. Safe to pay now: 3801.16 ZAR; required buffer: 30000 ZAR; minimum projected balance before purchase: 33801.16 ZAR; uncertainty records tracked: 0.
request_99,16669.7,affordable_later,wait,2026-07-16:18062,2026-07-16,none,wait selected. Selected wait because it is the only verified valid plan. Safe to pay now: 16669.7 ZAR; required buffer: 49100 ZAR; minimum projected balance before purchase: 65769.7 ZAR; uncertainty records tracked: 0.
request_100,24490.47,affordable_with_plan,installments,2024-06-13:12866.19|2024-07-14:12866.19|2024-08-14:12866.19,2024-06-15,none,installments selected. Selected installments because it is the only verified valid plan. Safe to pay now: 24490.47 ZAR; required buffer: 32500 ZAR; minimum projected balance before purchase: 56990.47 ZAR; uncertainty records tracked: 0.
request_101,143500,affordable_now,full_payment,2025-11-03:143500,2025-11-03,none,full_payment selected. Selected full_payment because it is the only verified valid plan. Safe to pay now: 143500 INR; required buffer: 187400 INR; minimum projected balance before purchase: 353855.81 INR; uncertainty records tracked: 0.
request_102,1716,affordable_with_plan,installments,2026-04-05:594.88|2026-05-05:594.88|2026-06-04:594.88,2026-04-05,none,installments selected. Selected installments because it is the only verified valid plan. Safe to pay now: 1716 EUR; required buffer: 900 EUR; minimum projected balance before purchase: 4522.23 EUR; uncertainty records tracked: 0.
request_103,14317.49,not_affordable,not_recommended,none,,none,not_recommended selected. Selected not_recommended because it is the only verified valid plan. Safe to pay now: 14317.49 INR; required buffer: 125500 INR; minimum projected balance before purchase: 139817.49 INR; uncertainty records tracked: 0.
request_104,17204,affordable_now,full_payment,2025-02-04:17204,2025-02-04,none,full_payment selected. Selected full_payment because it is the only verified valid plan. Safe to pay now: 17204 ZAR; required buffer: 24700 ZAR; minimum projected balance before purchase: 47195.06 ZAR; uncertainty records tracked: 0.
request_105,17712.55,not_affordable,not_recommended,none,,none,not_recommended selected. Selected not_recommended because it is the only verified valid plan. Safe to pay now: 17712.55 INR; required buffer: 73900 INR; minimum projected balance before purchase: 91612.55 INR; uncertainty records tracked: 0.
request_106,302.55,not_affordable,not_recommended,none,,none,not_recommended selected. Selected not_recommended because it is the only verified valid plan. Safe to pay now: 302.55 EUR; required buffer: 1200 EUR; minimum projected balance before purchase: 1502.55 EUR; uncertainty records tracked: 0.
request_107,0,not_affordable,not_recommended,none,,none,not_recommended selected. Selected not_recommended because it is the only verified valid plan. Safe to pay now: 0 EUR; required buffer: 1600 EUR; minimum projected balance before purchase: -2863.29 EUR; uncertainty records tracked: 0.
request_108,3749,not_affordable,not_recommended,none,,none,not_recommended selected. Selected not_recommended because it is the only verified valid plan. Safe to pay now: 3749 ZAR; required buffer: 24100 ZAR; minimum projected balance before purchase: 27849 ZAR; uncertainty records tracked: 0.
request_109,548.77,affordable_with_plan,installments,2024-03-18:645.98|2024-04-18:645.98|2024-05-19:645.98,2024-03-16,none,installments selected. Selected installments because it is the only verified valid plan. Safe to pay now: 548.77 EUR; required buffer: 1700 EUR; minimum projected balance before purchase: 2248.77 EUR; uncertainty records tracked: 0.
request_110,22352,affordable_with_plan,installments,2025-08-06:7748.69|2025-09-03:7748.69|2025-10-01:7748.69,2025-08-06,none,installments selected. Selected installments because it is the only verified valid plan. Safe to pay now: 22352 ZAR; required buffer: 11200 ZAR; minimum projected balance before purchase: 61229.53 ZAR; uncertainty records tracked: 0.
request_111,16625000,affordable_now,full_payment,2026-04-03:16625000,2026-04-03,none,full_payment selected. Selected full_payment because it is the only verified valid plan. Safe to pay now: 16625000 IDR; required buffer: 23022800 IDR; minimum projected balance before purchase: 72499839.71 IDR; uncertainty records tracked: 0.
request_112,157.89,affordable_later,wait,2024-08-14:271.7,2024-08-14,none,wait selected. Selected wait because it is the only verified valid plan. Safe to pay now: 157.89 EUR; required buffer: 500 EUR; minimum projected balance before purchase: 657.89 EUR; uncertainty records tracked: 0.
request_113,0,not_affordable,not_recommended,none,,none,not_recommended selected. Selected not_recommended because it is the only verified valid plan. Safe to pay now: 0 INR; required buffer: 82300 INR; minimum projected balance before purchase: 70595.06 INR; uncertainty records tracked: 0.
request_114,0,not_affordable,not_recommended,none,,none,not_recommended selected. Selected not_recommended because it is the only verified valid plan. Safe to pay now: 0 INR; required buffer: 113400 INR; minimum projected balance before purchase: 5907.11 INR; uncertainty records tracked: 0.
request_115,16371.71,affordable_later,wait,2024-11-14:80500,2024-11-14,none,wait selected. Selected wait because it is the only verified valid plan. Safe to pay now: 16371.71 INR; required buffer: 38800 INR; minimum projected balance before purchase: 55171.71 INR; uncertainty records tracked: 0.
request_116,16942.13,not_affordable,not_recommended,none,,none,not_recommended selected. Selected not_recommended because it is the only verified valid plan. Safe to pay now: 16942.13 INR; required buffer: 80300 INR; minimum projected balance before purchase: 97242.13 INR; uncertainty records tracked: 0.
request_117,867.82,affordable_later,wait,2026-07-16:880,2026-07-16,none,wait selected. Selected wait because it is the only verified valid plan. Safe to pay now: 867.82 EUR; required buffer: 1000 EUR; minimum projected balance before purchase: 1867.82 EUR; uncertainty records tracked: 0.
request_118,357.17,not_affordable,not_recommended,none,,none,not_recommended selected. Selected not_recommended because it is the only verified valid plan. Safe to pay now: 357.17 EUR; required buffer: 600 EUR; minimum projected balance before purchase: 957.17 EUR; uncertainty records tracked: 0.
request_119,62084.34,not_affordable,not_recommended,none,2025-07-15,none,not_recommended selected. Selected not_recommended because it is the only verified valid plan. Safe to pay now: 62084.34 INR; required buffer: 151200 INR; minimum projected balance before purchase: 213284.34 INR; uncertainty records tracked: 0.
request_120,7714000,affordable_now,full_payment,2026-04-06:7714000,2026-04-06,none,full_payment selected. Selected full_payment because it is the only verified valid plan. Safe to pay now: 7714000 IDR; required buffer: 20050300 IDR; minimum projected balance before purchase: 28556778.48 IDR; uncertainty records tracked: 0.
request_121,577.73,affordable_later,wait,2024-03-16:633.6,2024-03-16,none,wait selected. Selected wait because it is the only verified valid plan. Safe to pay now: 577.73 USD; required buffer: 800 USD; minimum projected balance before purchase: 1377.73 USD; uncertainty records tracked: 0.
request_122,20558000,affordable_with_plan,installments,2025-08-05:7126773.33|2025-09-02:7126773.33|2025-09-30:7126773.33,2025-08-05,none,installments selected. Selected installments because it is the only verified valid plan. Safe to pay now: 20558000 IDR; required buffer: 12588500 IDR; minimum projected balance before purchase: 56827244.99 IDR; uncertainty records tracked: 0.
request_123,4076000,affordable_now,full_payment,2026-01-07:4076000,2026-01-07,none,full_payment selected. Selected full_payment because it is the only verified valid plan. Safe to pay now: 4076000 IDR; required buffer: 18091200 IDR; minimum projected balance before purchase: 58556371.73 IDR; uncertainty records tracked: 0.
request_124,1294.57,affordable_with_plan,installments,2024-06-11:1076.12|2024-07-12:1076.12|2024-08-12:1076.12,2024-06-15,none,installments selected. Selected installments because it is the only verified valid plan. Safe to pay now: 1294.57 EUR; required buffer: 1600 EUR; minimum projected balance before purchase: 2894.57 EUR; uncertainty records tracked: 0.
request_125,4653.31,affordable_later,wait,2026-01-14:6468,2026-01-14,none,wait selected. Selected wait because it is the only verified valid plan. Safe to pay now: 4653.31 ZAR; required buffer: 11300 ZAR; minimum projected balance before purchase: 15953.31 ZAR; uncertainty records tracked: 0.
request_126,159600,affordable_now,full_payment,2026-07-03:159600,2026-07-03,none,full_payment selected. Selected full_payment because it is the only verified valid plan. Safe to pay now: 159600 INR; required buffer: 129700 INR; minimum projected balance before purchase: 334154.98 INR; uncertainty records tracked: 0.
request_127,3357.96,not_affordable,not_recommended,none,,none,not_recommended selected. Selected not_recommended because it is the only verified valid plan. Safe to pay now: 3357.96 ZAR; required buffer: 41000 ZAR; minimum projected balance before purchase: 44357.96 ZAR; uncertainty records tracked: 0.
request_128,25168,affordable_now,full_payment,2025-02-07:25168,2025-02-07,none,full_payment selected. Selected full_payment because it is the only verified valid plan. Safe to pay now: 25168 ZAR; required buffer: 42600 ZAR; minimum projected balance before purchase: 70204.35 ZAR; uncertainty records tracked: 0.
request_129,45.18,not_affordable,not_recommended,none,,none,not_recommended selected. Selected not_recommended because it is the only verified valid plan. Safe to pay now: 45.18 USD; required buffer: 800 USD; minimum projected balance before purchase: 845.18 USD; uncertainty records tracked: 0.
request_130,6.31,not_affordable,not_recommended,none,,none,not_recommended selected. Selected not_recommended because it is the only verified valid plan. Safe to pay now: 6.31 USD; required buffer: 1400 USD; minimum projected balance before purchase: 1406.31 USD; uncertainty records tracked: 0.
request_131,1069.24,not_affordable,not_recommended,none,2025-07-23,none,not_recommended selected. Selected not_recommended because it is the only verified valid plan. Safe to pay now: 1069.24 USD; required buffer: 1100 USD; minimum projected balance before purchase: 2169.24 USD; uncertainty records tracked: 0.
request_132,0,not_affordable,not_recommended,none,,none,not_recommended selected. Selected not_recommended because it is the only verified valid plan. Safe to pay now: 0 USD; required buffer: 1100 USD; minimum projected balance before purchase: 2.15 USD; uncertainty records tracked: 0.
request_133,15770000,not_affordable,not_recommended,none,2024-03-07,none,not_recommended selected. Selected not_recommended because it is the only verified valid plan. Safe to pay now: 15770000 IDR; required buffer: 9986200 IDR; minimum projected balance before purchase: 33354944.64 IDR; uncertainty records tracked: 0.
request_134,5919709.41,affordable_later,wait,2025-08-15:21831000,2025-08-15,none,wait selected. Selected wait because it is the only verified valid plan. Safe to pay now: 5919709.41 IDR; required buffer: 15902500 IDR; minimum projected balance before purchase: 21822209.41 IDR; uncertainty records tracked: 0.
request_135,257.01,affordable_later,wait,2026-09-14:304.8,2026-09-14,none,wait selected. Selected wait because it is the only verified valid plan. Safe to pay now: 257.01 USD; required buffer: 500 USD; minimum projected balance before purchase: 757.01 USD; uncertainty records tracked: 0.
request_136,450.65,affordable_later,wait,2024-06-15:560.4,2024-06-15,none,wait selected. Selected wait because it is the only verified valid plan. Safe to pay now: 450.65 USD; required buffer: 1100 USD; minimum projected balance before purchase: 1550.65 USD; uncertainty records tracked: 0.
request_137,0,not_affordable,not_recommended,none,,none,not_recommended selected. Selected not_recommended because it is the only verified valid plan. Safe to pay now: 0 INR; required buffer: 71800 INR; minimum projected balance before purchase: 63414.97 INR; uncertainty records tracked: 0.
request_138,607.09,affordable_with_plan,partial_payment,2026-04-07:607.09|2026-05-15:649.85,2026-05-15,none,partial_payment selected. Selected partial_payment over installments by total cost: 1256.94 ranked ahead of 1307.22. Safe to pay now: 607.09 EUR; required buffer: 2300 EUR; minimum projected balance before purchase: 2907.09 EUR; uncertainty records tracked: 0.
request_139,1706.58,affordable_with_plan,installments,2024-09-07:802.88|2024-10-08:802.88|2024-11-08:802.88,2024-09-15,none,installments selected. Selected installments because it is the only verified valid plan. Safe to pay now: 1706.58 USD; required buffer: 1500 USD; minimum projected balance before purchase: 3206.58 USD; uncertainty records tracked: 0.
request_140,0,not_affordable,not_recommended,none,,none,not_recommended selected. Selected not_recommended because it is the only verified valid plan. Safe to pay now: 0 ZAR; required buffer: 21600 ZAR; minimum projected balance before purchase: 9232.44 ZAR; uncertainty records tracked: 0.
request_141,7794.85,not_affordable,not_recommended,none,,none,not_recommended selected. Selected not_recommended because it is the only verified valid plan. Safe to pay now: 7794.85 INR; required buffer: 67300 INR; minimum projected balance before purchase: 75094.85 INR; uncertainty records tracked: 0.
request_142,1263.6,affordable_now,full_payment,2024-12-05:1263.6,2024-12-05,none,full_payment selected. Selected full_payment because it is the only verified valid plan. Safe to pay now: 1263.6 USD; required buffer: 1700 USD; minimum projected balance before purchase: 5847.03 USD; uncertainty records tracked: 0.
request_143,738.29,not_affordable,not_recommended,none,,none,not_recommended selected. Selected not_recommended because it is the only verified valid plan. Safe to pay now: 738.29 ZAR; required buffer: 11300 ZAR; minimum projected balance before purchase: 12038.29 ZAR; uncertainty records tracked: 0.
request_144,0,not_affordable,not_recommended,none,,none,not_recommended selected. Selected not_recommended because it is the only verified valid plan. Safe to pay now: 0 USD; required buffer: 600 USD; minimum projected balance before purchase: 481.31 USD; uncertainty records tracked: 0.
request_145,0,not_affordable,not_recommended,none,,none,not_recommended selected. Selected not_recommended because it is the only verified valid plan. Safe to pay now: 0 INR; required buffer: 155400 INR; minimum projected balance before purchase: 152898.07 INR; uncertainty records tracked: 0.
request_146,425.94,not_affordable,not_recommended,none,,none,not_recommended selected. Selected not_recommended because it is the only verified valid plan. Safe to pay now: 425.94 INR; required buffer: 108600 INR; minimum projected balance before purchase: 109025.94 INR; uncertainty records tracked: 0.
request_147,424.94,not_affordable,not_recommended,none,2026-06-14,none,not_recommended selected. Selected not_recommended because it is the only verified valid plan. Safe to pay now: 424.94 EUR; required buffer: 900 EUR; minimum projected balance before purchase: 1324.94 EUR; uncertainty records tracked: 0.
request_148,5435.93,not_affordable,not_recommended,none,,none,not_recommended selected. Selected not_recommended because it is the only verified valid plan. Safe to pay now: 5435.93 ZAR; required buffer: 20000 ZAR; minimum projected balance before purchase: 25435.93 ZAR; uncertainty records tracked: 0.
request_149,17511.52,affordable_with_plan,installments,2025-11-18:12706.03|2025-12-16:12706.03|2026-01-13:12706.03,2025-11-15,none,installments selected. Selected installments because it is the only verified valid plan. Safe to pay now: 17511.52 ZAR; required buffer: 42100 ZAR; minimum projected balance before purchase: 59611.52 ZAR; uncertainty records tracked: 1.
request_150,0,not_affordable,not_recommended,none,,none,not_recommended selected. Selected not_recommended because it is the only verified valid plan. Safe to pay now: 0 EUR; required buffer: 700 EUR; minimum projected balance before purchase: -317.29 EUR; uncertainty records tracked: 0.
request_151,26999000,affordable_now,full_payment,2024-09-03:26999000,2024-09-03,none,full_payment selected. Selected full_payment because it is the only verified valid plan. Safe to pay now: 26999000 IDR; required buffer: 31633600 IDR; minimum projected balance before purchase: 60797039.02 IDR; uncertainty records tracked: 0.
request_152,6677.53,not_affordable,not_recommended,none,,none,not_recommended selected. Selected not_recommended because it is the only verified valid plan. Safe to pay now: 6677.53 ZAR; required buffer: 11900 ZAR; minimum projected balance before purchase: 18577.53 ZAR; uncertainty records tracked: 0.
request_153,0,not_affordable,not_recommended,none,,none,not_recommended selected. Selected not_recommended because it is the only verified valid plan. Safe to pay now: 0 USD; required buffer: 1400 USD; minimum projected balance before purchase: 1055.46 USD; uncertainty records tracked: 0.
request_154,1625.8,not_affordable,not_recommended,none,2024-12-04,none,not_recommended selected. Selected not_recommended because it is the only verified valid plan. Safe to pay now: 1625.8 EUR; required buffer: 1300 EUR; minimum projected balance before purchase: 2927.89 EUR; uncertainty records tracked: 0.
request_155,112500,affordable_now,full_payment,2025-05-06:112500,2025-05-06,none,full_payment selected. Selected full_payment because it is the only verified valid plan. Safe to pay now: 112500 INR; required buffer: 56300 INR; minimum projected balance before purchase: 192683.52 INR; uncertainty records tracked: 0.
request_156,3705.22,not_affordable,not_recommended,none,,none,not_recommended selected. Selected not_recommended because it is the only verified valid plan. Safe to pay now: 3705.22 ZAR; required buffer: 26900 ZAR; minimum projected balance before purchase: 30605.22 ZAR; uncertainty records tracked: 0.
request_157,5023428.21,not_affordable,not_recommended,none,,none,not_recommended selected. Selected not_recommended because it is the only verified valid plan. Safe to pay now: 5023428.21 IDR; required buffer: 15714100 IDR; minimum projected balance before purchase: 20737528.21 IDR; uncertainty records tracked: 0.
request_158,242600,affordable_with_plan,installments,2025-08-07:84101.33|2025-09-04:84101.33|2025-10-02:84101.33,2025-08-07,none,installments selected. Selected installments because it is the only verified valid plan. Safe to pay now: 242600 INR; required buffer: 131400 INR; minimum projected balance before purchase: 745417.1 INR; uncertainty records tracked: 0.
request_159,13398,affordable_now,full_payment,2026-01-04:13398,2026-01-04,none,full_payment selected. Selected full_payment because it is the only verified valid plan. Safe to pay now: 13398 ZAR; required buffer: 8700 ZAR; minimum projected balance before purchase: 32729.47 ZAR; uncertainty records tracked: 0.
request_160,560.31,affordable_with_plan,installments,2024-06-13:432.05|2024-07-14:432.05|2024-08-14:432.05,2024-07-15,none,installments selected. Selected installments because it is the only verified valid plan. Safe to pay now: 560.31 EUR; required buffer: 1200 EUR; minimum projected balance before purchase: 1760.31 EUR; uncertainty records tracked: 0.
request_161,0,not_affordable,not_recommended,none,,none,not_recommended selected. Selected not_recommended because it is the only verified valid plan. Safe to pay now: 0 IDR; required buffer: 23010400 IDR; minimum projected balance before purchase: -67026250.51 IDR; uncertainty records tracked: 0.
request_162,375764.57,not_affordable,not_recommended,none,,none,not_recommended selected. Selected not_recommended because it is the only verified valid plan. Safe to pay now: 375764.57 IDR; required buffer: 24161100 IDR; minimum projected balance before purchase: 24536864.57 IDR; uncertainty records tracked: 0.
request_163,7082440.38,not_affordable,not_recommended,none,,none,not_recommended selected. Selected not_recommended because it is the only verified valid plan. Safe to pay now: 7082440.38 IDR; required buffer: 26728700 IDR; minimum projected balance before purchase: 33811140.38 IDR; uncertainty records tracked: 0.
request_164,27018000,affordable_with_plan,installments,2025-02-11:9366240|2025-03-11:9366240|2025-04-08:9366240,2025-02-04,none,installments selected. Selected installments because it is the only verified valid plan. Safe to pay now: 27018000 IDR; required buffer: 29550500 IDR; minimum projected balance before purchase: 57085553.84 IDR; uncertainty records tracked: 0.
request_165,80600,affordable_now,full_payment,2026-04-06:80600,2026-04-06,none,full_payment selected. Selected full_payment because it is the only verified valid plan. Safe to pay now: 80600 INR; required buffer: 95000 INR; minimum projected balance before purchase: 356306.76 INR; uncertainty records tracked: 0.
request_166,2907.6,affordable_with_plan,installments,2024-12-03:1007.97|2025-01-03:1007.97|2025-02-03:1007.97,2024-12-03,none,installments selected. Selected installments because it is the only verified valid plan. Safe to pay now: 2907.6 USD; required buffer: 1700 USD; minimum projected balance before purchase: 8446.56 USD; uncertainty records tracked: 0.
request_167,43802,affordable_now,full_payment,2025-05-05:43802,2025-05-05,none,full_payment selected. Selected full_payment because it is the only verified valid plan. Safe to pay now: 43802 ZAR; required buffer: 31200 ZAR; minimum projected balance before purchase: 78787.62 ZAR; uncertainty records tracked: 0.
request_168,0,not_affordable,not_recommended,none,,none,not_recommended selected. Selected not_recommended because it is the only verified valid plan. Safe to pay now: 0 INR; required buffer: 114400 INR; minimum projected balance before purchase: -42825.58 INR; uncertainty records tracked: 0.
request_169,41976,affordable_now,full_payment,2024-03-04:41976,2024-03-04,none,full_payment selected. Selected full_payment because it is the only verified valid plan. Safe to pay now: 41976 ZAR; required buffer: 18700 ZAR; minimum projected balance before purchase: 64508.35 ZAR; uncertainty records tracked: 0.
request_170,19496368.17,not_affordable,not_recommended,none,,none,not_recommended selected. Selected not_recommended because it is the only verified valid plan. Safe to pay now: 19496368.17 IDR; required buffer: 24715800 IDR; minimum projected balance before purchase: 44212168.17 IDR; uncertainty records tracked: 0.
request_171,1.46,not_affordable,not_recommended,none,,none,not_recommended selected. Selected not_recommended because it is the only verified valid plan. Safe to pay now: 1.46 EUR; required buffer: 500 EUR; minimum projected balance before purchase: 501.46 EUR; uncertainty records tracked: 0.
request_172,5691.05,not_affordable,not_recommended,none,2024-08-14,none,not_recommended selected. Selected not_recommended because it is the only verified valid plan. Safe to pay now: 5691.05 ZAR; required buffer: 27200 ZAR; minimum projected balance before purchase: 32891.05 ZAR; uncertainty records tracked: 0.
request_173,16881.65,not_affordable,not_recommended,none,,none,not_recommended selected. Selected not_recommended because it is the only verified valid plan. Safe to pay now: 16881.65 INR; required buffer: 79100 INR; minimum projected balance before purchase: 95981.65 INR; uncertainty records tracked: 0.
request_174,1146.2,affordable_with_plan,installments,2026-04-04:397.35|2026-05-04:397.35|2026-06-03:397.35,2026-04-04,none,installments selected. Selected installments because it is the only verified valid plan. Safe to pay now: 1146.2 EUR; required buffer: 700 EUR; minimum projected balance before purchase: 3012.59 EUR; uncertainty records tracked: 0.
request_175,2346.3,affordable_now,full_payment,2024-09-06:2346.3,2024-09-06,none,full_payment selected. Selected full_payment because it is the only verified valid plan. Safe to pay now: 2346.3 EUR; required buffer: 1700 EUR; minimum projected balance before purchase: 4182.71 EUR; uncertainty records tracked: 0.
request_176,330.88,affordable_later,wait,2025-04-16:1239.7,2025-04-16,none,wait selected. Selected wait because it is the only verified valid plan. Safe to pay now: 330.88 EUR; required buffer: 600 EUR; minimum projected balance before purchase: 930.88 EUR; uncertainty records tracked: 0.
request_177,0,not_affordable,not_recommended,none,,none,not_recommended selected. Selected not_recommended because it is the only verified valid plan. Safe to pay now: 0 USD; required buffer: 1300 USD; minimum projected balance before purchase: 250.34 USD; uncertainty records tracked: 0.
request_178,2938.1,affordable_with_plan,installments,2024-12-07:1018.54|2025-01-07:1018.54|2025-02-07:1018.54,2024-12-07,none,installments selected. Selected installments because it is the only verified valid plan. Safe to pay now: 2938.1 EUR; required buffer: 1400 EUR; minimum projected balance before purchase: 7959.3 EUR; uncertainty records tracked: 0.
request_179,5947254.69,not_affordable,not_recommended,none,,none,not_recommended selected. Selected not_recommended because it is the only verified valid plan. Safe to pay now: 5947254.69 IDR; required buffer: 41430800 IDR; minimum projected balance before purchase: 47378054.69 IDR; uncertainty records tracked: 0.
request_180,56769.36,affordable_later,wait,2026-09-14:66500,2026-09-14,none,wait selected. Selected wait because it is the only verified valid plan. Safe to pay now: 56769.36 INR; required buffer: 37300 INR; minimum projected balance before purchase: 94069.36 INR; uncertainty records tracked: 0.
request_181,49.46,not_affordable,not_recommended,none,,none,not_recommended selected. Selected not_recommended because it is the only verified valid plan. Safe to pay now: 49.46 USD; required buffer: 2000 USD; minimum projected balance before purchase: 2049.46 USD; uncertainty records tracked: 0.
request_182,65714,affordable_now,full_payment,2025-08-05:65714,2025-08-05,none,full_payment selected. Selected full_payment because it is the only verified valid plan. Safe to pay now: 65714 ZAR; required buffer: 31100 ZAR; minimum projected balance before purchase: 110193.88 ZAR; uncertainty records tracked: 0.
request_183,13100141.85,not_affordable,not_recommended,none,,none,not_recommended selected. Selected not_recommended because it is the only verified valid plan. Safe to pay now: 13100141.85 IDR; required buffer: 11878300 IDR; minimum projected balance before purchase: 24978441.85 IDR; uncertainty records tracked: 0.
request_184,0,not_affordable,not_recommended,none,,none,not_recommended selected. Selected not_recommended because it is the only verified valid plan. Safe to pay now: 0 INR; required buffer: 110800 INR; minimum projected balance before purchase: 37633.11 INR; uncertainty records tracked: 0.
request_185,0,not_affordable,not_recommended,none,,none,not_recommended selected. Selected not_recommended because it is the only verified valid plan. Safe to pay now: 0 EUR; required buffer: 1300 EUR; minimum projected balance before purchase: 1066.51 EUR; uncertainty records tracked: 0.
request_186,0,not_affordable,not_recommended,none,,none,not_recommended selected. Selected not_recommended because it is the only verified valid plan. Safe to pay now: 0 ZAR; required buffer: 22000 ZAR; minimum projected balance before purchase: -4443.63 ZAR; uncertainty records tracked: 0.
request_187,35471.2,not_affordable,not_recommended,none,,none,not_recommended selected. Selected not_recommended because it is the only verified valid plan. Safe to pay now: 35471.2 INR; required buffer: 128300 INR; minimum projected balance before purchase: 163771.2 INR; uncertainty records tracked: 0.
request_188,0,not_affordable,not_recommended,none,,none,not_recommended selected. Selected not_recommended because it is the only verified valid plan. Safe to pay now: 0 EUR; required buffer: 900 EUR; minimum projected balance before purchase: 132.24 EUR; uncertainty records tracked: 0.
request_189,488.4,affordable_now,full_payment,2026-07-04:488.4,2026-07-04,none,full_payment selected. Selected full_payment because it is the only verified valid plan. Safe to pay now: 488.4 EUR; required buffer: 400 EUR; minimum projected balance before purchase: 994.2 EUR; uncertainty records tracked: 0.
request_190,444.04,affordable_later,wait,2024-12-16:2557.5,2024-12-16,none,wait selected. Selected wait because it is the only verified valid plan. Safe to pay now: 444.04 EUR; required buffer: 1600 EUR; minimum projected balance before purchase: 2044.04 EUR; uncertainty records tracked: 0.
request_191,664.4,affordable_now,full_payment,2025-05-03:664.4,2025-05-03,none,full_payment selected. Selected full_payment because it is the only verified valid plan. Safe to pay now: 664.4 EUR; required buffer: 500 EUR; minimum projected balance before purchase: 1260.1 EUR; uncertainty records tracked: 1.
request_192,80.42,not_affordable,not_recommended,none,,none,not_recommended selected. Selected not_recommended because it is the only verified valid plan. Safe to pay now: 80.42 USD; required buffer: 1000 USD; minimum projected balance before purchase: 1080.42 USD; uncertainty records tracked: 0.
request_193,0,not_affordable,not_recommended,none,,none,not_recommended selected. Selected not_recommended because it is the only verified valid plan. Safe to pay now: 0 EUR; required buffer: 1000 EUR; minimum projected balance before purchase: 952.32 EUR; uncertainty records tracked: 0.
request_194,715.12,not_affordable,not_recommended,none,,none,not_recommended selected. Selected not_recommended because it is the only verified valid plan. Safe to pay now: 715.12 INR; required buffer: 113600 INR; minimum projected balance before purchase: 114315.12 INR; uncertainty records tracked: 0.
request_195,0,not_affordable,not_recommended,none,,none,not_recommended selected. Selected not_recommended because it is the only verified valid plan. Safe to pay now: 0 EUR; required buffer: 700 EUR; minimum projected balance before purchase: -202.67 EUR; uncertainty records tracked: 0.
request_196,762.3,affordable_now,full_payment,2024-06-03:762.3,2024-06-03,none,full_payment selected. Selected full_payment because it is the only verified valid plan. Safe to pay now: 762.3 EUR; required buffer: 500 EUR; minimum projected balance before purchase: 1349.64 EUR; uncertainty records tracked: 0.
request_197,0,not_affordable,not_recommended,none,,none,not_recommended selected. Selected not_recommended because it is the only verified valid plan. Safe to pay now: 0 IDR; required buffer: 26245900 IDR; minimum projected balance before purchase: -43775927.36 IDR; uncertainty records tracked: 0.
request_198,185800,affordable_now,full_payment,2026-07-07:185800,2026-07-07,none,full_payment selected. Selected full_payment because it is the only verified valid plan. Safe to pay now: 185800 INR; required buffer: 124300 INR; minimum projected balance before purchase: 341924.02 INR; uncertainty records tracked: 0.
request_199,23674000,affordable_with_plan,installments,2024-09-07:8206986.67|2024-10-08:8206986.67|2024-11-08:8206986.67,2024-09-04,none,installments selected. Selected installments because it is the only verified valid plan. Safe to pay now: 23674000 IDR; required buffer: 25359500 IDR; minimum projected balance before purchase: 97790724.26 IDR; uncertainty records tracked: 0.
request_200,21717000,affordable_now,full_payment,2025-02-06:21717000,2025-02-06,none,full_payment selected. Selected full_payment because it is the only verified valid plan. Safe to pay now: 21717000 IDR; required buffer: 20114600 IDR; minimum projected balance before purchase: 46610605.7 IDR; uncertainty records tracked: 0.
request_201,23997000,affordable_now,full_payment,2026-04-03:23997000,2026-04-03,none,full_payment selected. Selected full_payment because it is the only verified valid plan. Safe to pay now: 23997000 IDR; required buffer: 17304500 IDR; minimum projected balance before purchase: 73678700.51 IDR; uncertainty records tracked: 0.
request_202,123900,affordable_now,full_payment,2024-12-05:123900,2024-12-05,none,full_payment selected. Selected full_payment because it is the only verified valid plan. Safe to pay now: 123900 INR; required buffer: 147800 INR; minimum projected balance before purchase: 285557.85 INR; uncertainty records tracked: 0.
request_203,1442.1,affordable_with_plan,installments,2025-05-10:499.93|2025-06-07:499.93|2025-07-05:499.93,2025-05-07,none,installments selected. Selected installments because it is the only verified valid plan. Safe to pay now: 1442.1 EUR; required buffer: 1400 EUR; minimum projected balance before purchase: 7797.64 EUR; uncertainty records tracked: 0.
request_204,170.54,affordable_later,wait,2026-03-16:588.74,2026-03-16,none,wait selected. Selected wait because it is the only verified valid plan. Safe to pay now: 170.54 EUR; required buffer: 1300 EUR; minimum projected balance before purchase: 1470.54 EUR; uncertainty records tracked: 0.
request_205,10621000,affordable_now,full_payment,2024-03-06:10621000,2024-03-06,none,full_payment selected. Selected full_payment because it is the only verified valid plan. Safe to pay now: 10621000 IDR; required buffer: 13994300 IDR; minimum projected balance before purchase: 26950465.71 IDR; uncertainty records tracked: 0.
request_206,1404.7,affordable_with_plan,installments,2025-08-03:486.96|2025-08-31:486.96|2025-09-28:486.96,2025-08-03,none,installments selected. Selected installments because it is the only verified valid plan. Safe to pay now: 1404.7 EUR; required buffer: 900 EUR; minimum projected balance before purchase: 5138.61 EUR; uncertainty records tracked: 0.
request_207,3387.78,affordable_later,wait,2026-07-16:11830,2026-07-16,none,wait selected. Selected wait because it is the only verified valid plan. Safe to pay now: 3387.78 ZAR; required buffer: 13600 ZAR; minimum projected balance before purchase: 16987.78 ZAR; uncertainty records tracked: 0.
request_208,3179706.59,affordable_later,wait,2024-08-14:4413000,2024-08-14,none,wait selected. Selected wait because it is the only verified valid plan. Safe to pay now: 3179706.59 IDR; required buffer: 10470700 IDR; minimum projected balance before purchase: 13650406.59 IDR; uncertainty records tracked: 0.
request_209,1484.9,not_affordable,not_recommended,none,,none,not_recommended selected. Selected not_recommended because it is the only verified valid plan. Safe to pay now: 1484.9 ZAR; required buffer: 18400 ZAR; minimum projected balance before purchase: 19884.9 ZAR; uncertainty records tracked: 0.
request_210,707.13,affordable_with_plan,partial_payment,2026-04-06:707.13|2026-04-15:652.89,2026-04-15,none,partial_payment selected. Selected partial_payment over installments by total cost: 1360.02 ranked ahead of 1414.44. Safe to pay now: 707.13 USD; required buffer: 2000 USD; minimum projected balance before purchase: 2707.13 USD; uncertainty records tracked: 0.
request_211,354.47,affordable_later,wait,2024-09-15:1788.6,2024-09-15,none,wait selected. Selected wait because it is the only verified valid plan. Safe to pay now: 354.47 EUR; required buffer: 1500 EUR; minimum projected balance before purchase: 1854.47 EUR; uncertainty records tracked: 0.
request_212,0,not_affordable,not_recommended,none,,none,not_recommended selected. Selected not_recommended because it is the only verified valid plan. Safe to pay now: 0 IDR; required buffer: 29579800 IDR; minimum projected balance before purchase: 29122382.65 IDR; uncertainty records tracked: 0.
request_213,3362.4,affordable_with_plan,installments,2026-01-21:1165.63|2026-02-20:1165.63|2026-03-22:1165.63,2026-01-07,none,installments selected. Selected installments because it is the only verified valid plan. Safe to pay now: 3362.4 USD; required buffer: 2100 USD; minimum projected balance before purchase: 10044.88 USD; uncertainty records tracked: 0.
request_214,0,not_affordable,not_recommended,none,,none,not_recommended selected. Selected not_recommended because it is the only verified valid plan. Safe to pay now: 0 INR; required buffer: 174900 INR; minimum projected balance before purchase: 166374.82 INR; uncertainty records tracked: 0.
request_215,29986,affordable_with_plan,installments,2025-05-09:10395.15|2025-06-06:10395.15|2025-07-04:10395.15,2025-05-06,none,installments selected. Selected installments because it is the only verified valid plan. Safe to pay now: 29986 ZAR; required buffer: 15700 ZAR; minimum projected balance before purchase: 91646.01 ZAR; uncertainty records tracked: 0.
request_216,140.18,not_affordable,not_recommended,none,,none,not_recommended selected. Selected not_recommended because it is the only verified valid plan. Safe to pay now: 140.18 USD; required buffer: 1800 USD; minimum projected balance before purchase: 1940.18 USD; uncertainty records tracked: 0.
request_217,18051.25,affordable_with_plan,installments,2024-03-19:12889.07|2024-04-19:12889.07|2024-05-20:12889.07,2024-03-16,none,installments selected. Selected installments because it is the only verified valid plan. Safe to pay now: 18051.25 ZAR; required buffer: 26800 ZAR; minimum projected balance before purchase: 44851.25 ZAR; uncertainty records tracked: 0.
request_218,30115035.22,affordable_with_plan,installments,2025-08-07:21195893.33|2025-09-04:21195893.33|2025-10-02:21195893.33,2025-08-15,none,installments selected. Selected installments because it is the only verified valid plan. Safe to pay now: 30115035.22 IDR; required buffer: 34477200 IDR; minimum projected balance before purchase: 64592235.22 IDR; uncertainty records tracked: 0.
request_219,1181.65,affordable_with_plan,installments,2026-04-07:580.01|2026-05-07:580.01|2026-06-06:580.01,2026-05-15,none,installments selected. Selected installments because it is the only verified valid plan. Safe to pay now: 1181.65 EUR; required buffer: 1100 EUR; minimum projected balance before purchase: 2281.65 EUR; uncertainty records tracked: 0.
request_220,0,not_affordable,not_recommended,none,,none,not_recommended selected. Selected not_recommended because it is the only verified valid plan. Safe to pay now: 0 EUR; required buffer: 1100 EUR; minimum projected balance before purchase: 1034.22 EUR; uncertainty records tracked: 0.
request_221,109800,affordable_now,full_payment,2025-11-03:109800,2025-11-03,none,full_payment selected. Selected full_payment because it is the only verified valid plan. Safe to pay now: 109800 INR; required buffer: 81500 INR; minimum projected balance before purchase: 213366.49 INR; uncertainty records tracked: 1.
request_222,34078,affordable_now,full_payment,2026-01-05:34078,2026-01-05,none,full_payment selected. Selected full_payment because it is the only verified valid plan. Safe to pay now: 34078 ZAR; required buffer: 27300 ZAR; minimum projected balance before purchase: 115351.95 ZAR; uncertainty records tracked: 0.
request_223,898.7,affordable_now,full_payment,2024-09-07:898.7,2024-09-07,none,full_payment selected. Selected full_payment because it is the only verified valid plan. Safe to pay now: 898.7 EUR; required buffer: 800 EUR; minimum projected balance before purchase: 1864.16 EUR; uncertainty records tracked: 0.
request_224,0,not_affordable,not_recommended,none,2025-04-16,none,not_recommended selected. Selected not_recommended because it is the only verified valid plan. Safe to pay now: 0 IDR; required buffer: 22187600 IDR; minimum projected balance before purchase: 20486065.36 IDR; uncertainty records tracked: 0.
request_225,8142394.26,not_affordable,not_recommended,none,,none,not_recommended selected. Selected not_recommended because it is the only verified valid plan. Safe to pay now: 8142394.26 IDR; required buffer: 17670700 IDR; minimum projected balance before purchase: 25813094.26 IDR; uncertainty records tracked: 0.
request_226,97634.72,affordable_later,wait,2025-02-14:157000,2025-02-14,none,wait selected. Selected wait because it is the only verified valid plan. Safe to pay now: 97634.72 INR; required buffer: 209400 INR; minimum projected balance before purchase: 307034.72 INR; uncertainty records tracked: 0.
request_227,4568.8,not_affordable,not_recommended,none,,none,not_recommended selected. Selected not_recommended because it is the only verified valid plan. Safe to pay now: 4568.8 INR; required buffer: 62900 INR; minimum projected balance before purchase: 67468.8 INR; uncertainty records tracked: 0.
request_228,0,not_affordable,not_recommended,none,,none,not_recommended selected. Selected not_recommended because it is the only verified valid plan. Safe to pay now: 0 IDR; required buffer: 26191200 IDR; minimum projected balance before purchase: 22203933.45 IDR; uncertainty records tracked: 0.
request_229,405.86,not_affordable,not_recommended,none,,none,not_recommended selected. Selected not_recommended because it is the only verified valid plan. Safe to pay now: 405.86 EUR; required buffer: 1000 EUR; minimum projected balance before purchase: 1405.86 EUR; uncertainty records tracked: 0.
request_230,3537.6,affordable_now,full_payment,2025-08-06:3537.6,2025-08-06,none,full_payment selected. Selected full_payment because it is the only verified valid plan. Safe to pay now: 3537.6 EUR; required buffer: 2000 EUR; minimum projected balance before purchase: 7381.96 EUR; uncertainty records tracked: 0.
request_231,32903.16,affordable_with_plan,installments,2026-01-06:12378.08|2026-02-05:12378.08|2026-03-07:12378.08,2026-01-15,none,installments selected. Selected installments because it is the only verified valid plan. Safe to pay now: 32903.16 ZAR; required buffer: 24300 ZAR; minimum projected balance before purchase: 57203.16 ZAR; uncertainty records tracked: 0.
request_232,0,not_affordable,not_recommended,none,,none,not_recommended selected. Selected not_recommended because it is the only verified valid plan. Safe to pay now: 0 EUR; required buffer: 2400 EUR; minimum projected balance before purchase: 1195.14 EUR; uncertainty records tracked: 0.
request_233,0,not_affordable,not_recommended,none,,none,not_recommended selected. Selected not_recommended because it is the only verified valid plan. Safe to pay now: 0 IDR; required buffer: 10365700 IDR; minimum projected balance before purchase: -34485866.49 IDR; uncertainty records tracked: 0.
request_234,196.24,not_affordable,not_recommended,none,,none,not_recommended selected. Selected not_recommended because it is the only verified valid plan. Safe to pay now: 196.24 EUR; required buffer: 700 EUR; minimum projected balance before purchase: 896.24 EUR; uncertainty records tracked: 0.
request_235,693.64,not_affordable,not_recommended,none,,none,not_recommended selected. Selected not_recommended because it is the only verified valid plan. Safe to pay now: 693.64 USD; required buffer: 700 USD; minimum projected balance before purchase: 1393.64 USD; uncertainty records tracked: 0.
request_236,5360318.51,not_affordable,not_recommended,none,,none,not_recommended selected. Selected not_recommended because it is the only verified valid plan. Safe to pay now: 5360318.51 IDR; required buffer: 16768600 IDR; minimum projected balance before purchase: 22128918.51 IDR; uncertainty records tracked: 0.
request_237,23826000,affordable_now,full_payment,2026-04-05:23826000,2026-04-05,none,full_payment selected. Selected full_payment because it is the only verified valid plan. Safe to pay now: 23826000 IDR; required buffer: 22431500 IDR; minimum projected balance before purchase: 93209660.69 IDR; uncertainty records tracked: 0.
request_238,663.6,affordable_with_plan,installments,2024-12-07:230.05|2025-01-07:230.05|2025-02-07:230.05,2024-12-07,none,installments selected. Selected installments because it is the only verified valid plan. Safe to pay now: 663.6 USD; required buffer: 700 USD; minimum projected balance before purchase: 1683.5 USD; uncertainty records tracked: 0.
request_239,606.27,affordable_later,wait,2025-05-16:642,2025-05-16,none,wait selected. Selected wait because it is the only verified valid plan. Safe to pay now: 606.27 USD; required buffer: 600 USD; minimum projected balance before purchase: 1206.27 USD; uncertainty records tracked: 0.
request_240,2830.02,not_affordable,not_recommended,none,,none,not_recommended selected. Selected not_recommended because it is the only verified valid plan. Safe to pay now: 2830.02 INR; required buffer: 52800 INR; minimum projected balance before purchase: 55630.02 INR; uncertainty records tracked: 0.
request_241,21052000,affordable_with_plan,installments,2024-03-17:7298026.67|2024-04-17:7298026.67|2024-05-18:7298026.67,2024-03-03,none,installments selected. Selected installments because it is the only verified valid plan. Safe to pay now: 21052000 IDR; required buffer: 19252000 IDR; minimum projected balance before purchase: 81463955.46 IDR; uncertainty records tracked: 0.
request_242,0,not_affordable,not_recommended,none,,none,not_recommended selected. Selected not_recommended because it is the only verified valid plan. Safe to pay now: 0 EUR; required buffer: 600 EUR; minimum projected balance before purchase: -1917.17 EUR; uncertainty records tracked: 0.
request_243,17468,affordable_now,full_payment,2026-07-07:17468,2026-07-07,none,full_payment selected. Selected full_payment because it is the only verified valid plan. Safe to pay now: 17468 ZAR; required buffer: 19900 ZAR; minimum projected balance before purchase: 42067.21 ZAR; uncertainty records tracked: 0.
request_244,49918,affordable_now,full_payment,2024-06-04:49918,2024-06-04,none,full_payment selected. Selected full_payment because it is the only verified valid plan. Safe to pay now: 49918 ZAR; required buffer: 45900 ZAR; minimum projected balance before purchase: 96278.73 ZAR; uncertainty records tracked: 0.
request_245,36239.8,not_affordable,not_recommended,none,,none,not_recommended selected. Selected not_recommended because it is the only verified valid plan. Safe to pay now: 36239.8 INR; required buffer: 94600 INR; minimum projected balance before purchase: 130839.8 INR; uncertainty records tracked: 0.
request_246,64086,affordable_with_plan,installments,2026-04-03:22216.48|2026-05-03:22216.48|2026-06-02:22216.48,2026-04-03,none,installments selected. Selected installments because it is the only verified valid plan. Safe to pay now: 64086 ZAR; required buffer: 39300 ZAR; minimum projected balance before purchase: 188118.57 ZAR; uncertainty records tracked: 0.
request_247,1059.3,affordable_now,full_payment,2024-09-05:1059.3,2024-09-05,none,full_payment selected. Selected full_payment because it is the only verified valid plan. Safe to pay now: 1059.3 EUR; required buffer: 1300 EUR; minimum projected balance before purchase: 2496.3 EUR; uncertainty records tracked: 0.
request_248,901.26,not_affordable,not_recommended,none,,none,not_recommended selected. Selected not_recommended because it is the only verified valid plan. Safe to pay now: 901.26 USD; required buffer: 1300 USD; minimum projected balance before purchase: 2201.26 USD; uncertainty records tracked: 0.
request_249,0,not_affordable,not_recommended,none,,none,not_recommended selected. Selected not_recommended because it is the only verified valid plan. Safe to pay now: 0 USD; required buffer: 600 USD; minimum projected balance before purchase: 110.02 USD; uncertainty records tracked: 0.
request_250,17762.28,not_affordable,not_recommended,none,,none,not_recommended selected. Selected not_recommended because it is the only verified valid plan. Safe to pay now: 17762.28 ZAR; required buffer: 35300 ZAR; minimum projected balance before purchase: 53062.28 ZAR; uncertainty records tracked: 0.
request_251,1513.6,not_affordable,not_recommended,none,2025-05-03,none,not_recommended selected. Selected not_recommended because it is the only verified valid plan. Safe to pay now: 1513.6 EUR; required buffer: 1300 EUR; minimum projected balance before purchase: 3851.1 EUR; uncertainty records tracked: 0.
request_252,3709402.64,affordable_later,wait,2026-09-14:28082000,2026-09-14,none,wait selected. Selected wait because it is the only verified valid plan. Safe to pay now: 3709402.64 IDR; required buffer: 15152200 IDR; minimum projected balance before purchase: 18861602.64 IDR; uncertainty records tracked: 0.
request_253,885.48,not_affordable,not_recommended,none,,none,not_recommended selected. Selected not_recommended because it is the only verified valid plan. Safe to pay now: 885.48 EUR; required buffer: 2300 EUR; minimum projected balance before purchase: 3185.48 EUR; uncertainty records tracked: 0.
request_254,734.54,affordable_later,wait,2025-10-14:3535.2,2025-10-14,none,wait selected. Selected wait because it is the only verified valid plan. Safe to pay now: 734.54 USD; required buffer: 2500 USD; minimum projected balance before purchase: 3234.54 USD; uncertainty records tracked: 0.
request_255,3345000,affordable_now,full_payment,2026-04-06:3345000,2026-04-06,none,full_payment selected. Selected full_payment because it is the only verified valid plan. Safe to pay now: 3345000 IDR; required buffer: 9813900 IDR; minimum projected balance before purchase: 33651951.78 IDR; uncertainty records tracked: 0.
request_256,141181.52,not_affordable,not_recommended,none,2024-08-14,none,not_recommended selected. Selected not_recommended because it is the only verified valid plan. Safe to pay now: 141181.52 INR; required buffer: 168600 INR; minimum projected balance before purchase: 309781.52 INR; uncertainty records tracked: 0.
request_257,317.48,affordable_later,wait,2025-11-15:1352.4,2025-11-15,none,wait selected. Selected wait because it is the only verified valid plan. Safe to pay now: 317.48 USD; required buffer: 1600 USD; minimum projected balance before purchase: 1917.48 USD; uncertainty records tracked: 0.
request_258,1113.6,affordable_now,full_payment,2026-01-07:1113.6,2026-01-07,none,full_payment selected. Selected full_payment because it is the only verified valid plan. Safe to pay now: 1113.6 USD; required buffer: 500 USD; minimum projected balance before purchase: 2383.02 USD; uncertainty records tracked: 0.
request_259,355.03,not_affordable,not_recommended,none,,none,not_recommended selected. Selected not_recommended because it is the only verified valid plan. Safe to pay now: 355.03 EUR; required buffer: 600 EUR; minimum projected balance before purchase: 955.03 EUR; uncertainty records tracked: 0.
request_260,6456362.97,not_affordable,not_recommended,none,,none,not_recommended selected. Selected not_recommended because it is the only verified valid plan. Safe to pay now: 6456362.97 IDR; required buffer: 20727700 IDR; minimum projected balance before purchase: 27184062.97 IDR; uncertainty records tracked: 0.
request_261,1830.4,affordable_now,full_payment,2026-07-03:1830.4,2026-07-03,none,full_payment selected. Selected full_payment because it is the only verified valid plan. Safe to pay now: 1830.4 EUR; required buffer: 1500 EUR; minimum projected balance before purchase: 3750.01 EUR; uncertainty records tracked: 0.
request_262,9236000,affordable_now,full_payment,2024-12-05:9236000,2024-12-05,none,full_payment selected. Selected full_payment because it is the only verified valid plan. Safe to pay now: 9236000 IDR; required buffer: 31018500 IDR; minimum projected balance before purchase: 60766958.64 IDR; uncertainty records tracked: 0.
request_263,1098.14,not_affordable,not_recommended,none,,none,not_recommended selected. Selected not_recommended because it is the only verified valid plan. Safe to pay now: 1098.14 ZAR; required buffer: 24100 ZAR; minimum projected balance before purchase: 25198.14 ZAR; uncertainty records tracked: 0.
request_264,9900.28,affordable_later,wait,2026-06-14:111300,2026-06-14,none,wait selected. Selected wait because it is the only verified valid plan. Safe to pay now: 9900.28 INR; required buffer: 59500 INR; minimum projected balance before purchase: 69400.28 INR; uncertainty records tracked: 0.
request_265,45970,affordable_now,full_payment,2024-03-06:45970,2024-03-06,none,full_payment selected. Selected full_payment because it is the only verified valid plan. Safe to pay now: 45970 INR; required buffer: 189700 INR; minimum projected balance before purchase: 746039.57 INR; uncertainty records tracked: 0.
request_266,935,not_affordable,not_recommended,none,2025-08-03,none,not_recommended selected. Selected not_recommended because it is the only verified valid plan. Safe to pay now: 935 EUR; required buffer: 900 EUR; minimum projected balance before purchase: 1843.6 EUR; uncertainty records tracked: 0.
request_267,1120.13,not_affordable,not_recommended,none,,none,not_recommended selected. Selected not_recommended because it is the only verified valid plan. Safe to pay now: 1120.13 EUR; required buffer: 1500 EUR; minimum projected balance before purchase: 2620.13 EUR; uncertainty records tracked: 0.
request_268,989.62,affordable_with_plan,installments,2024-06-14:841.22|2024-07-15:841.22|2024-08-15:841.22,2024-08-14,none,installments selected. Selected installments because it is the only verified valid plan. Safe to pay now: 989.62 EUR; required buffer: 1400 EUR; minimum projected balance before purchase: 2389.62 EUR; uncertainty records tracked: 0.
request_269,0,not_affordable,not_recommended,none,,none,not_recommended selected. Selected not_recommended because it is the only verified valid plan. Safe to pay now: 0 ZAR; required buffer: 23100 ZAR; minimum projected balance before purchase: -83778.65 ZAR; uncertainty records tracked: 0.
request_270,146.91,not_affordable,not_recommended,none,2026-08-15,none,not_recommended selected. Selected not_recommended because it is the only verified valid plan. Safe to pay now: 146.91 USD; required buffer: 1400 USD; minimum projected balance before purchase: 1546.91 USD; uncertainty records tracked: 0.
request_271,0,not_affordable,not_recommended,none,,none,not_recommended selected. Selected not_recommended because it is the only verified valid plan. Safe to pay now: 0 INR; required buffer: 58200 INR; minimum projected balance before purchase: 41643.61 INR; uncertainty records tracked: 0.
request_272,6064232.55,not_affordable,not_recommended,none,2025-03-17,none,not_recommended selected. Selected not_recommended because it is the only verified valid plan. Safe to pay now: 6064232.55 IDR; required buffer: 7508600 IDR; minimum projected balance before purchase: 13572832.55 IDR; uncertainty records tracked: 0.
request_273,6927997.18,affordable_with_plan,partial_payment,2026-04-07:6927997.18|2026-05-15:8933002.82,2026-05-15,none,partial_payment selected. Selected partial_payment over installments by total cost: 15861000.00 ranked ahead of 16495440. Safe to pay now: 6927997.18 IDR; required buffer: 18774600 IDR; minimum projected balance before purchase: 25702597.18 IDR; uncertainty records tracked: 0.
request_274,1475.94,not_affordable,not_recommended,none,,none,not_recommended selected. Selected not_recommended because it is the only verified valid plan. Safe to pay now: 1475.94 EUR; required buffer: 1800 EUR; minimum projected balance before purchase: 3275.94 EUR; uncertainty records tracked: 0.
request_275,15884000,affordable_now,full_payment,2025-05-06:15884000,2025-05-06,none,full_payment selected. Selected full_payment because it is the only verified valid plan. Safe to pay now: 15884000 IDR; required buffer: 12760100 IDR; minimum projected balance before purchase: 30832809.93 IDR; uncertainty records tracked: 1.
